<?xml version="1.0" encoding="utf-8" standalone="yes"?>
<rss version="2.0" xmlns:atom="http://www.w3.org/2005/Atom">
  <channel>
    <title>Series on Marco Zanotti</title>
    <link>https://marcozanotti.github.io/series/</link>
    <description>Recent content in Series on Marco Zanotti</description>
    <generator>Hugo -- gohugo.io</generator>
    <language>en-us</language>
    <lastBuildDate>Sun, 28 Sep 2014 00:00:00 +0000</lastBuildDate><atom:link href="https://marcozanotti.github.io/series/index.xml" rel="self" type="application/rss+xml" />
    <item>
      <title>Hugo 101</title>
      <link>https://marcozanotti.github.io/series/hugo-101/</link>
      <pubDate>Sun, 28 Sep 2014 00:00:00 +0000</pubDate>
      
      <guid>https://marcozanotti.github.io/series/hugo-101/</guid>
      <description></description>
    </item>
    
  </channel>
</rss>
