<?xml version="1.0" encoding="utf-8" standalone="yes"?>
<rss version="2.0" xmlns:atom="http://www.w3.org/2005/Atom">
  <channel>
    <title>Tags on Marco Zanotti</title>
    <link>https://marcozanotti.github.io/tags/</link>
    <description>Recent content in Tags on Marco Zanotti</description>
    <generator>Hugo -- gohugo.io</generator>
    <language>en-us</language>
    <lastBuildDate>Wed, 02 Apr 2014 00:00:00 +0000</lastBuildDate><atom:link href="https://marcozanotti.github.io/tags/index.xml" rel="self" type="application/rss+xml" />
    <item>
      <title>development</title>
      <link>https://marcozanotti.github.io/tags/development/</link>
      <pubDate>Wed, 02 Apr 2014 00:00:00 +0000</pubDate>
      
      <guid>https://marcozanotti.github.io/tags/development/</guid>
      <description></description>
    </item>
    
    <item>
      <title>go</title>
      <link>https://marcozanotti.github.io/tags/go/</link>
      <pubDate>Wed, 02 Apr 2014 00:00:00 +0000</pubDate>
      
      <guid>https://marcozanotti.github.io/tags/go/</guid>
      <description></description>
    </item>
    
    <item>
      <title>golang</title>
      <link>https://marcozanotti.github.io/tags/golang/</link>
      <pubDate>Wed, 02 Apr 2014 00:00:00 +0000</pubDate>
      
      <guid>https://marcozanotti.github.io/tags/golang/</guid>
      <description></description>
    </item>
    
    <item>
      <title>hugo</title>
      <link>https://marcozanotti.github.io/tags/hugo/</link>
      <pubDate>Wed, 02 Apr 2014 00:00:00 +0000</pubDate>
      
      <guid>https://marcozanotti.github.io/tags/hugo/</guid>
      <description></description>
    </item>
    
    <item>
      <title>templates</title>
      <link>https://marcozanotti.github.io/tags/templates/</link>
      <pubDate>Wed, 02 Apr 2014 00:00:00 +0000</pubDate>
      
      <guid>https://marcozanotti.github.io/tags/templates/</guid>
      <description></description>
    </item>
    
    <item>
      <title>themes</title>
      <link>https://marcozanotti.github.io/tags/themes/</link>
      <pubDate>Wed, 02 Apr 2014 00:00:00 +0000</pubDate>
      
      <guid>https://marcozanotti.github.io/tags/themes/</guid>
      <description></description>
    </item>
    
  </channel>
</rss>
